wikipedia_movie_id,movie_box_office_revenue,budget,opening_weekend,rating_score,producer,release_year
4227,279084.0,11000000.0,,8.1,Stanley Kubrick,1975
8481,31899000.0,6500000.0,,7.1,Brian De Palma,1980
31908,829625.0,23000000.0,38553.0,6.8,Wim Wenders,1991
41881,154501.0,1400000.0,10177.0,8.2,Joseph L. Mankiewicz,1950
42159,23667133.0,2100000.0,,8.1,William Wyler,1947
43849,18778738.0,3000000.0,,8.3,Billy Wilder,1960
44218,,1300000.0,,7.1,W.S. Van Dyke,1936
44752,,700000.0,,7.3,Edmund Goulding,1932
45568,90520202.0,70000000.0,9319797.0,7.5,James Cameron,1989
60155,,200000.0,,6.3,Lowell Sherman,1933
61169,6879.0,520000.0,,7.4,Mark Sandrich,1934
61182,,379000.0,,5.6,Harry Beaumont,1929
61483,,243000.0,,7.4,John Ford,1935
61501,13592.0,609000.0,,7.7,Mark Sandrich,1935
61519,,1232000.0,,7.8,Jack Conway,1935
62084,291.0,1900000.0,,7.9,Michael Curtiz,1938
62115,,,,7.3,Leo McCarey,1939
62688,782.0,1500000.0,,7.4,Alfred Hitchcock,1940
62693,,682495.0,,6.9,John Ford,1940
64657,3992246.0,80000000.0,1617462.0,7.5,Luc Besson,1988
67371,14645902.0,15000000.0,2014166.0,7.3,Jonathan Lynn,1985
67419,39673161.0,14000000.0,10524026.0,6.1,John Flynn,1991
67423,104324083.0,60000000.0,12624402.0,5.6,Geoff Murphy,1995
67431,16228448.0,60000000.0,6073094.0,5.1,Félix Enríquez Alcalá,1997
67916,,,,6.3,Anthony Mann,1955
68084,,,,7.4,George Cukor,1949
68108,287.0,,,7.6,Douglas Sirk,1955
68501,31558.0,,,7.6,Robert Altman,1971
70428,,1750000.0,,7.7,John Ford,1952
72317,1404.0,,,6.9,Jack Arnold,1954
73467,,1600000.0,,7.4,Bob Rafelson,1970
73930,,546883.0,,8.0,Erich von Stroheim,1925
73970,158.0,2600000.0,,8.1,William Wyler,1949
74381,,,,7.1,Arthur Hiller,1972
75255,,1261000.0,,7.3,Anthony Mann,1953
75263,5320.0,,,7.8,Sam Wood,1935
76030,375524.0,941000.0,6091.0,7.5,Mel Brooks,1968
76297,14462.0,3000000.0,,7.7,Howard Hawks,1948
76371,7704.0,3400000.0,,8.0,Alexander Mackendrick,1957
76387,,1600000.0,,7.1,Christian Nyby,1951
76402,,,,7.7,Henry King,1950
76631,,,,6.9,Frank Tashlin,1957
76647,,,,7.6,Michael Curtiz,1942
77460,1796389.0,,787724.0,4.7,Jennifer Lynch,1993
77609,16364924.0,1400000.0,,7.7,Howard Hawks,1941
77641,,1210000.0,,7.9,Mervyn LeRoy,1943
77751,,4000000.0,,6.8,Charles Vidor,1953
78425,2603061.0,,22554.0,8.1,Yimou Zhang,1991
79729,21337978.0,,,7.2,Leo McCarey,1946
79848,4149.0,,,7.5,Garson Kanin,1939
80523,1742.0,,,7.9,George Seaton,1947
80944,,,,7.1,Vincente Minnelli,1950
90156,1883811.0,18000000.0,916482.0,5.7,Ken Kwapis,1988
92608,7903.0,3000000.0,,8.4,Billy Wilder,1958
92684,194.0,,,8.0,Otto Preminger,1959
94028,96159800.0,30000000.0,9427532.0,6.3,Jun Falkenstein,2000
97732,,1000000.0,,6.4,Tony Richardson,1963
98019,,,,6.4,Charles Vidor,1956
98508,,12000000.0,,7.5,Robert Wise,1966
99025,6292.0,850000.0,,7.6,Franco Zeffirelli,1968
99454,61749765.0,12000000.0,,7.9,Franklin J. Schaffner,1970
99459,100489151.0,10000000.0,,6.6,George Seaton,1970
99948,3662459.0,9000000.0,1513507.0,5.3,Adam Resnick,1994
101907,,,,6.5,Melvin Frank,1973
101943,,,,7.4,Herbert Ross,1977
105397,,475000.0,,6.2,Michael Herz,1985
106352,12729675.0,7200000.0,,7.3,Louis Malle,1981
113436,5310748.0,1456000.0,,7.5,Peter Yates,1983
113449,34901614.0,,274279.0,7.4,Robert Benton,1984
113452,17009654.0,,55962.0,7.3,Hector Babenco,1985
113463,31853080.0,10500000.0,1909084.0,7.2,Randa Haines,1986
129331,80644712.0,15000000.0,127599.0,7.2,Norman Jewison,1988
133550,74787599.0,30000000.0,10035412.0,6.8,Barbra Streisand,1991
142423,21898920.0,3000000.0,95310.0,7.8,Michael Radford,1996
142588,242623.0,3000000.0,23765.0,7.5,Peter Jackson,1993
143834,,12000000.0,,7.0,Franklin J. Schaffner,1978
145629,,,,7.3,John Cromwell,1940
153372,24159872.0,10000000.0,6104754.0,5.5,Sidney J. Furie,1986
154635,1518216.0,,6413.0,7.8,Krzysztof Kieslowski,1993
154688,10569737.0,7850000000.0,,6.5,Kwak Kyung-taek,2002
154699,,1000000.0,,7.0,Allan Dwan,1950
155271,1266582.0,,22284.0,7.6,Krzysztof Kieslowski,1994
155921,,,,7.0,Nicholas Meyer,1979
156625,,1800000.0,,7.3,Elia Kazan,1952
156628,2025.0,1558000.0,,7.8,Vincente Minnelli,1953
161438,193.0,2760000.0,,7.1,Charles Vidor,1955
161452,10813.0,1271000.0,,7.7,John Sturges,1955
161460,,3227000.0,,7.3,Vincente Minnelli,1956
161496,,1820000.0,,7.2,Fred Zinnemann,1957
161882,,,,6.7,Elliot Silverstein,1965
161901,18530000.0,,,6.9,Ralph Nelson,1968
162386,7557877.0,7000000.0,4392403.0,4.7,James Melkonian,1995
163457,,2300000.0,,7.5,Hal Ashby,1974
164359,14363400.0,1200000.0,,7.2,Steve Rash,1978
164387,33300000.0,6000000.0,,7.4,Norman Jewison,1979
164388,4702575.0,4000000.0,83527.0,7.1,Lewis John Carlino,1979
164395,7063886.0,3500000.0,,7.0,Richard Rush,1980
164411,40716963.0,12000000.0,97667.0,6.9,Sydney Pollack,1981
165106,,,,7.2,Walter Lang,1957
165369,,,,6.9,Merian C. Cooper,1955
168498,28744356.0,22000000.0,2872022.0,7.0,John Carpenter,1984
168551,30867525.0,13000000.0,47906.0,7.0,Martin Ritt,1986
168554,7683620.0,9000000.0,,7.2,Andrey Konchalovskiy,1986
168774,10959015.0,,658835.0,6.0,Jonathan Lynn,1990
168958,39917363.0,550000.0,5816321.0,6.4,Sean S. Cunningham,1980
170936,,,,7.9,Henry Koster,1950
171000,2063688.0,,45985.0,7.7,Bille August,1988
171555,6451628.0,10000000.0,75508.0,7.3,Bill Condon,1998
172534,49042224.0,25000000.0,12653032.0,5.8,George P. Cosmatos,1986
172666,7206823.0,4500000.0,,7.1,Samuel Fuller,1980
176489,39404261.0,25000000.0,9252232.0,5.9,John Patrick Shanley,1990
177783,,239000.0,,6.4,Lowell Sherman,1933
183740,20428771.0,8000000.0,,6.7,King Vidor,1947
183797,,1360286.0,,6.3,Stuart Heisler,1947
187091,,,,7.5,William Wyler,1952
187095,,,,7.1,Curtis Bernhardt,1951
187100,,,,7.5,Daniel Mann,1953
187103,24759.0,720000.0,11126.0,7.5,David Miller,1952
187107,,,,7.0,Stuart Heisler,1952
187115,,,,6.7,Walter Lang,1952
187616,16647800.0,12000000.0,,6.7,Don Taylor,1980
187635,,1353000.0,,7.3,Charles Walters,1953
187642,,400000.0,,6.7,Otto Preminger,1953
190392,,2147000.0,,7.2,Daniel Mann,1955
190398,,2367000.0,,6.7,Curtis Bernhardt,1955
190416,51.0,,,7.3,Elia Kazan,1956
193845,,965000.0,,7.2,Nunnally Johnson,1957
193847,,3000000.0,,7.3,John Huston,1957
193854,,1383578.0,,7.5,Robert Wise,1958
193867,8722.0,2800000.0,,6.3,Daniel Mann,1960
199505,10353438.0,,3498931.0,6.4,Carl Reiner,1983
204774,7447084.0,4000000.0,69408.0,8.1,Kaige Chen,1993
210224,,8500000.0,,7.2,Robert Mulligan,1963
210316,254683.0,3500000.0,26285.0,6.0,Gus Van Sant,2002
212090,,2423000.0,,6.6,George Sidney,1953
213224,11155214.0,8000000.0,150171.0,6.9,E. Elias Merhige,2001
213471,3292977.0,,32779.0,8.0,Kar-Wai Wong,1996
217776,,,,7.8,Sydney Pollack,1970
217784,11683047.0,26000000.0,3255033.0,5.8,Gary Halvorson,1999
217819,8768.0,15000000.0,,7.4,David Lean,1970
221489,4089145.0,,65299.0,7.0,Pedro Almodóvar,1990
223902,34741.0,2500000.0,,7.1,Alan J. Pakula,1971
224224,11798616.0,,60119.0,7.7,Woody Allen,1983
224487,23280529.0,5000000.0,,6.2,Mark Mylod,2002
225459,,,,7.0,Sidney J. Furie,1972
237134,2639356.0,1162000.0,16668.0,8.1,Wim Wenders,1984
239532,88.0,4000000.0,,6.2,Alfred Hitchcock,1969
240357,10432366.0,10000000.0,,7.3,Woody Allen,1978
240369,29174648.0,8500000.0,793063.0,6.9,Mark Rydell,1979
240371,69847348.0,9500000.0,4739769.0,6.2,Howard Zieff,1980
240376,25524778.0,,,6.4,Glenn Jordan,1981
241171,38934048.0,7500000.0,4895421.0,6.6,John Hughes,1985
242104,5975220.0,3000000.0,23567.0,7.3,Bill Forsyth,1983
242525,28229440.0,,139634.0,7.6,Blake Edwards,1982
242528,,,11624.0,7.2,Graeme Clifford,1983
242539,129795890.0,7500000.0,3304679.0,7.1,Taylor Hackford,1982
246556,25147055.0,15000000.0,5069926.0,5.9,Sidney Lumet,1986
249838,3802260.0,4500000.0,900902.0,7.3,Lana Wachowski,1996
255194,13358.0,2700000.0,,6.9,Charles Walters,1956
286836,409144.0,7000000.0,31850.0,6.9,Michael Winterbottom,1996
286852,13406717.0,15000000.0,4315310.0,4.7,Michael Gottlieb,1995
287404,6789.0,4258000.0,,6.5,Alfred Hitchcock,1948
289890,62870546.0,,6097758.0,6.1,Francis Glebas,2003
303039,220198.0,,120932.0,2.6,John Murlowski,1996
303847,2581012.0,,78151.0,6.9,Richard Kwietniowski,1998
304725,72270891.0,11000000.0,10026900.0,5.5,Dennis Dugan,1990
306195,110627965.0,22000000.0,10037745.0,6.0,Irwin Winkler,1995
307080,54218591.0,6500000.0,5651990.0,6.9,Luis Valdez,1987
307158,2838654.0,575000.0,,6.8,Alan Parker,1976
309070,,5400000.0,,7.7,Robert Aldrich,1967
314093,1193062.0,6000000.0,638625.0,2.9,David Kellogg,1991
314775,20883046.0,40000000.0,5240375.0,6.0,Fred Schepisi,1992
331860,2087228.0,450000.0,118594.0,7.2,Jim Fall,1999
333492,26491793.0,,8434651.0,5.2,David Mickey Evans,1996
339516,,,,4.6,Bert I. Gordon,1958
343404,1831547.0,1100000.0,,7.5,Bruce Robinson,1987
343684,8926413.0,8000000.0,3441807.0,7.1,John Carpenter,1995
344978,4555020.0,200000.0,74118.0,7.2,Doug Liman,1997
347235,19721741.0,8000000.0,6667118.0,6.4,Wes Craven,1994
348979,74151346.0,31000000.0,4022752.0,6.6,George Scribner,1988
349005,20305841.0,,5029640.0,5.5,Iwao Takamoto,1990
350629,19853898.0,,174650.0,6.9,Ken Russell,1980
357525,,20000000.0,,7.1,Robert Stevenson,1971
358263,21706547.0,8000000.0,302216.0,7.5,Robert Altman,1992
363929,6472990.0,12000000.0,,6.8,Bob Fosse,1984
364541,28202109.0,6500000.0,5710734.0,5.7,John R. Cherry III,1988
384209,10600000.0,725000.0,,6.9,Clint Eastwood,1971
390867,6157157.0,5000000.0,2251831.0,6.9,Jay Levey,1989
396282,16597016.0,9500000.0,5218040.0,6.5,Stan Lathan,1984
397753,8025872.0,4700000.0,2822439.0,5.6,Tobe Hooper,1986
402890,,1800000.0,,7.8,William Dieterle,1939
409817,,1196000.0,,6.9,H.C. Potter,1939
410832,18994653.0,,5715435.0,6.1,Luis Llosa,1993
412475,,,,6.4,Raoul Walsh,1951
413426,,5800000.0,,6.6,Alex Cox,1987
415074,19748009.0,19000000.0,4154932.0,4.2,Britt Allcroft,2000
431251,9914409.0,,120108.0,7.4,Bernard Rose,1995
441926,14516248.0,200000.0,,7.9,Sergio Leone,1967
442675,31063038.0,4015000.0,,6.6,Mel Brooks,1977
444245,29302121.0,35000000.0,6406012.0,6.6,Danny DeVito,1992
444906,4221036.0,2000000.0,100654.0,7.0,Atom Egoyan,1995
444919,,,,6.1,Lee Sholem,1953
445937,,12000000.0,,5.2,Charles Jarrott,1973
448331,28277918.0,,4207923.0,6.4,Michael Apted,1991
448385,38575.0,1800000.0,,7.4,Michelangelo Antonioni,1967
451898,1293976.0,13000000.0,112188.0,6.4,Dennis Hopper,1990
452211,1498795.0,,57280.0,6.7,David Cronenberg,1993
464128,32211330.0,,,7.3,Michael Ritchie,1976
464189,,1250000.0,,6.9,Michael Crichton,1973
472897,,,,6.4,Allan Dwan,1955
473776,10366360.0,15300000.0,17560.0,6.6,Gérard Krawczyk,2002
476640,9255027.0,,3809248.0,5.3,Tom DeCerchio,1996
479905,2654308.0,,770280.0,6.9,Kelly Makin,1996
483727,,4000000.0,,7.8,Melvin Frank,1956
483745,12952019.0,8000000.0,2557180.0,6.9,Martha Coolidge,1985
484102,14493284.0,,62282.0,7.4,Giuseppe Tornatore,2001
487300,6813882.0,6000000.0,,8.1,Ingmar Bergman,1982
488556,3588626.0,5000000.0,1667036.0,6.1,Mark Goldblatt,1988
489156,25010896.0,10000000.0,230106.0,6.6,Jodie Foster,1991
492540,23278931.0,43000000.0,4810027.0,5.1,Barry Levinson,1992
498181,11560806.0,38000000.0,4438899.0,5.1,Brian Helgeland,2003
499147,,1168000.0,,7.4,Richard Brooks,1955
503562,1228308.0,23000.0,24307.0,7.0,Richard Linklater,1991
507679,90874570.0,80000000.0,2290525.0,7.1,James Algar,2000
518615,52614445.0,24000000.0,7023921.0,6.0,John Guillermin,1976
518687,62.0,200000.0,,6.5,Roger Corman,1963
533515,13086757.0,7000000.0,3451191.0,6.3,Lewis Teague,1985
534778,20560255.0,13000000.0,5718940.0,5.2,Jack Bender,1991
534812,35763605.0,13000000.0,10718520.0,6.0,John Lafia,1990
543276,57041866.0,20000000.0,198361.0,7.0,Garry Marshall,1989
548239,394631.0,,18736.0,7.3,Nancy Savoca,1991
550486,866999.0,4000000.0,126449.0,6.7,Dave McKean,2006
552592,50754850.0,10000000.0,6035133.0,6.6,Stephen Herek,1992
561934,,2200000.0,,6.3,Joshua Logan,1956
563176,12364836.0,,,7.3,François Dupeyron,2004
570428,669.0,422816.0,,5.7,Don Chaffey,1967
572255,,500000.0,,6.9,Phil Karlson,1973
573288,69131860.0,90000000.0,6162640.0,5.8,George Miller,1998
576208,7019441.0,7000000.0,2062120.0,6.4,Bob Giraldi,1987
578001,86572238.0,10000000.0,5105741.0,6.9,Robert Zemeckis,1984
580994,,2670000.0,,7.1,Nunnally Johnson,1956
582398,103303454.0,10000000.0,3966832.0,6.9,Colin Higgins,1980
584713,2275557.0,8000000.0,455192.0,6.1,Mark L. Lester,1991
586740,18344868.0,2000000.0,,7.1,Woody Allen,1973
591310,16324573.0,3500000.0,5028096.0,6.2,John Harrison,1990
595909,6908797.0,15000000.0,1561793.0,6.9,Fred Schepisi,1988
596701,4385516.0,3500000.0,686567.0,6.2,Stan Winston,1989
598868,36231360.0,10000000.0,7283714.0,6.2,George Miller,1985
600216,49101993.0,18000000.0,11101197.0,6.8,Joe Dante,1989
602501,10982364.0,,3862719.0,5.9,Paul Flaherty,1989
602789,,1300000.0,,7.1,Seth Holt,1966
603557,161004.0,8000000.0,,7.3,Kevin Reynolds,1988
605939,3283934.0,1100000000.0,11263.0,8.0,Katsuhiro Ôtomo,1988
606614,540000.0,,265038.0,5.9,David Green,1988
612710,21521.0,,5147.0,5.2,Abel Ferrara,1999
622993,5471088.0,,97851.0,7.4,Gary Sinise,1992
624505,12556.0,,,6.7,Mark Robson,1954
625714,3728888.0,7000000.0,80957.0,6.5,John Swanbeck,2000
629350,,602000.0,,5.4,Ron Howard,1977
633692,51079064.0,6500000.0,,6.9,Arthur Hiller,1976
638459,,6000000.0,,3.7,Dick Powell,1956
639629,21203707.0,,118160.0,6.6,Alan Parker,1980
643850,37553752.0,31000000.0,7231087.0,6.2,David S. Ward,1996
646009,36733909.0,32000000.0,8624292.0,7.1,Frank Marshall,1993
652255,4348572.0,10000000.0,1853647.0,3.8,Michael Gottlieb,1993
652418,18814720.0,,5250704.0,6.2,Sammo Kam-Bo Hung,1998
654742,102992536.0,30000000.0,13832786.0,6.1,John A. Davis,2001
657809,15876353.0,12000000.0,,4.6,Christopher Cain,1994
657824,7266973.0,3200000.0,102820.0,7.0,Whit Stillman,1994
663968,418961.0,1500000.0,30586.0,6.4,Roger Avary,1994
664006,22866222.0,12000000.0,5713708.0,5.7,Sidney Lumet,1993
668614,3566637.0,32000000.0,939781.0,6.9,Mark Dindal,1997
670445,,1000000.0,,6.2,Robert D. Webb,1956
670514,23920048.0,,3210458.0,5.5,Peter Hewitt,1995
675947,13839404.0,,3360705.0,6.7,John Irvin,1987
678603,11604598.0,8500000.0,2830387.0,6.2,Thom Eberhardt,1989
680337,71624879.0,13000000.0,5274306.0,6.9,Jim Abrahams,1986
682280,21591728.0,18000000.0,5023467.0,5.7,Alan J. Pakula,1992
683428,18937262.0,20000000.0,5001588.0,3.1,Paul Michael Glaser,1996
683486,31559552.0,15000000.0,,7.5,Arthur Penn,1970
685721,7888703.0,3000000.0,2709160.0,3.5,Christopher Leitch,1987
685832,25893810.0,27000000.0,4739913.0,6.8,Joe Dante,1987
685931,32704700.0,15000000.0,5372880.0,4.9,Brian Levant,1991
689785,32078318.0,13000000.0,4316369.0,7.1,Jonathan Kaplan,1988
689980,93107289.0,60000000.0,10104715.0,6.1,Harold Becker,1998
690131,15240435.0,25000000.0,5012200.0,5.2,Jonathan Kaplan,1994
690868,,1214899.0,,7.0,John Ford,1950
692670,24147179.0,10000000.0,7943778.0,6.9,Albert Hughes,1995
695227,227853986.0,28000000.0,20388800.0,7.3,Richard Donner,1989
696925,,450000.0,,6.1,Roger Corman,1967
701775,3987768.0,15000000.0,1435709.0,6.6,Carlo Carlei,1995
702217,12881605.0,27000000.0,2817719.0,6.3,Ronny Yu,2002
702506,17487531.0,,1078697.0,6.5,Luis Mandoki,1990
702632,30077111.0,,7039608.0,5.1,Dwight H. Little,1995
704063,8345056.0,28000000.0,2732880.0,5.3,Michael Ritchie,1997
704427,163348.0,1800000.0,61613.0,6.5,Pete Jones,2003
706370,34861807.0,,6769363.0,6.3,Michael Lehmann,1996
706861,21089146.0,13000000.0,10019555.0,6.7,Ernest R. Dickerson,1995
707823,5899797.0,29000000.0,318723.0,7.4,Richard Attenborough,1987
708479,117758500.0,65000000.0,19208806.0,6.4,Les Mayfield,1999
710906,17359799.0,,5012295.0,5.3,Howard Zieff,1994
715207,770.0,350000.0,,6.2,Robert Hiltzik,1983
722551,19885552.0,15000000.0,6116484.0,6.5,Robert Lieberman,1993
723582,,,,6.5,Ken Annakin,1952
725817,186303759.0,20000000.0,11441733.0,5.3,Steve Trenbirth,2003
731501,16639799.0,8000000.0,3451356.0,7.0,Bill Duke,1992
733901,20016254.0,,4328543.0,6.7,Alek Keshishian,1994
733910,20208496.0,,5418316.0,5.6,John Badham,1993
735240,28818995.0,26000000.0,8014005.0,4.6,Kevin Allen,2004
737797,5979011.0,7000000.0,1709120.0,5.7,Ernest Thompson,1988
737840,26570463.0,25000000.0,7600878.0,5.1,Anthony Waller,1997
739259,39337581.0,16000000.0,7531273.0,5.9,Blake Edwards,1987
739821,7840873.0,10000000.0,2649832.0,6.3,Simon Wincer,1985
748953,15250594.0,10000000.0,60029.0,7.1,Takeshi Kitano,2000
766348,8125592.0,14500000.0,2847690.0,6.1,John Frankenheimer,1989
770066,9640000.0,10000000.0,24443.0,6.6,Richard Pearce,1984
770083,9085049.0,,2161284.0,7.0,Karel Reisz,1985
770098,10870198.0,22000000.0,136148.0,6.8,Shinji Takagi,2005
770128,6263883.0,18000000.0,19381.0,7.3,Costa-Gavras,1990
770144,18428904.0,13000000.0,3313815.0,6.9,Steve Kloves,1989
770184,13446769.0,,71034.0,6.9,Stephen Frears,1991
770260,23202444.0,40000000.0,71348.0,6.4,Mark Rydell,1991
770348,3359465.0,16000000.0,763890.0,6.4,Tony Richardson,1994
779884,316199.0,3000000.0,31401.0,5.7,Michael Hoffman,1988
781724,538534.0,,21968.0,6.2,Brian Gilbert,1994
785210,623112.0,,,6.0,Paul Morrissey,1988
787273,418807.0,20000000.0,59517.0,6.3,Herbert Ross,1991
797330,8571374.0,4000000.0,1913389.0,6.6,Rick Moranis,1983
797349,162364.0,4248000.0,,6.3,Daniel Petrie,1985
803786,340139.0,8000000.0,131269.0,6.4,Agnieszka Holland,1995
805037,13609396.0,6000000.0,5024976.0,5.8,Alan Shapiro,1993
805053,6568101.0,2500000.0,1423537.0,8.1,Richard Linklater,1995
805120,16505440.0,2700000.0,219425.0,8.1,Richard Linklater,2004
807842,299965036.0,27000000.0,26348555.0,6.6,Tony Scott,1987
817905,1239183.0,1000000.0,35636.0,6.9,Don Coscarelli,2003
818234,12526677.0,21000000.0,4088955.0,6.6,Stephen Hopkins,1993
820919,60106536.0,22000000.0,8614039.0,6.4,John Landis,1985
825149,52487045.0,23000000.0,8327550.0,5.4,David S. Ward,1991
826441,16100000.0,2000000.0,,6.0,Michael Winner,1982
826482,8038722.0,13000000.0,3012180.0,7.2,David Cronenberg,1988
835057,,9000000.0,,7.3,Arthur Hiller,1979
839705,27007143.0,13000000.0,10809424.0,6.1,Kirk Wong,1998
840058,1800.0,439000.0,,7.3,Lloyd Bacon,1933
844315,4162334.0,,6462.0,7.6,Luis Buñuel,1968
845403,9528.0,1920000.0,,7.5,Robert Wise,1956
845738,17637950.0,20000000.0,4359424.0,6.8,Roman Polanski,1988
846311,15945534.0,12000000.0,4348276.0,5.7,Mark L. Lester,1986
851800,33461269.0,35000000.0,8064480.0,5.8,Roger Spottiswoode,1990
859101,,,,4.8,Charles Martin Smith,1992
865912,2743336.0,15500000.0,211130.0,6.3,Atom Egoyan,2002
871080,62174008.0,59660000.0,6144160.0,7.0,Jean-Jacques Annaud,2004
872342,,750000.0,,4.4,M. Night Shyamalan,1993
883437,8418797.0,2500000.0,105614.0,7.2,Danny Boyle,1995
890407,10555619.0,20000000.0,3520550.0,7.5,Woody Allen,1992
893561,7191399.0,47000000.0,3002680.0,6.4,Ridley Scott,1992
894309,,210000.0,,6.6,Eugène Lourié,1953
900584,18875011.0,,3768707.0,5.8,Carl Schultz,1988
903082,,600000.0,,6.4,John Landis,1978
905188,5844868.0,6000000.0,2134214.0,7.2,Robert Harmon,1986
915306,10297601.0,,56371.0,7.1,Savage Steve Holland,1985
915487,3721911.0,13000000.0,1206799.0,5.1,Allan Moyle,1992
917363,20123742.0,3000000.0,,7.6,Woody Allen,1975
919005,6317.0,886000.0,,7.5,George Stevens,1936
919546,78110021.0,80000000.0,18054001.0,5.1,Renny Harlin,2004
924767,174999005.0,19000000.0,13777943.0,6.3,Joseph Ruben,1991
924799,58662452.0,40000000.0,11083318.0,4.9,Randal Kleiser,1992
924857,7603766.0,17000000.0,2520972.0,6.4,Stephen Gyllenhaal,1995
930561,14393902.0,,3376971.0,6.4,Guy Hamilton,1985
931121,3966256.0,,982080.0,6.5,Peter Markle,1988
931869,1744164.0,19897678.0,69821.0,6.3,Terry Jones,1987
932297,76432727.0,95000000.0,12846652.0,6.9,Bibo Bergeron,2000
934524,81407286.0,12800000.0,260135.0,8.0,Kang Je-kyu,2004
935950,4263112.0,,2031181.0,3.5,Joel Silberg,1990
936234,,1700000.0,,7.6,Michael Curtiz,1940
936787,38702310.0,8500000.0,3152469.0,6.3,Edward Zwick,1986
937658,30063289.0,,7900879.0,5.1,Joe Roth,1987
937809,941414.0,,14425.0,6.7,James Mangold,1996
950274,15249308.0,3000000.0,5706332.0,5.9,Tuck Tucker,2002
954902,16262415.0,4000000.0,46711.0,6.9,Joan Micklin Silver,1988
957942,41292551.0,23000000.0,6350974.0,6.0,Robert Towne,1988
958920,11047627.0,32000000.0,3046181.0,5.9,Jeremiah S. Chechik,1995
961437,152022101.0,50000000.0,24642539.0,5.3,Frank Marshall,1995
961777,35419397.0,20000000.0,3514678.0,6.7,Richard Benjamin,1990
965992,15122324.0,,4625004.0,5.1,Randal Kleiser,1988
966552,,800000.0,,6.2,Tom Laughlin,1971
967721,35659098.0,,6012274.0,6.6,Carl Reiner,1987
970846,,9000000.0,,7.2,John Frankenheimer,1966
975913,20308772.0,20000000.0,9106497.0,6.1,John Carpenter,1998
980601,515900.0,100000.0,28424.0,7.2,Richard Linklater,2002
980977,110996879.0,12000000.0,7766452.0,6.5,Herbert Ross,1987
983731,22667193.0,,,4.7,Marcus Adams,2002
985304,8279042.0,2500000.0,,5.5,Wes Craven,1981
992455,916172.0,,32061.0,5.7,Ken Russell,1987
993532,10145.0,,,7.1,Delmer Daves,1950
1004644,,16000.0,,3.0,Phil Tucker,1953
1005650,4760014.0,7000000.0,55765.0,6.2,Mitch Davis,2002
1005660,9638258.0,5000000.0,406651.0,6.7,Émile Gaudreault,2003
1009516,21839377.0,30000000.0,8679028.0,5.6,Charles Stone III,2004
1010796,13539458.0,2500000.0,4258063.0,6.0,Tibor Takács,1987
1017650,,300000.0,,6.2,Paul Bartel,1975
1018216,34793160.0,14000000.0,5640712.0,6.7,Randal Kleiser,1991
1024760,,,,7.6,Anthony Mann,1950
1026452,,5115000.0,,6.8,Richard Fleischer,1966
1030073,8400000.0,16000000.0,2250000.0,5.1,Ronald Neame,1979
1031231,370787.0,,,8.0,Emir Kusturica,1998
1031588,256.0,6500000.0,,6.7,Paul Verhoeven,1985
1032266,84447.0,12000000.0,19610.0,6.7,Petter Næss,2006
1032643,3335984.0,12000000.0,1465476.0,5.5,Bob Balaban,1993
1033477,30120671.0,25000000.0,6900000.0,4.8,Frank M. Calo,2004
1039322,32417995.0,,10593609.0,6.2,Penelope Spheeris,1996
1039551,7941977.0,30000000.0,3715480.0,5.1,Mike Binder,1994
1042090,21036771.0,,5240816.0,5.4,Tom Ropelewski,1990
1044875,91258000.0,11000000.0,8881035.0,6.7,Alan Metter,1986
1045723,11341016.0,27000000.0,3254940.0,6.3,Michael Lembeck,2004
1047463,91036760.0,25000000.0,18014503.0,6.1,Andrzej Bartkowiak,2000
1051653,,6000000.0,,6.5,Norman Jewison,1975
1053502,2971219.0,5300000.0,14953.0,6.8,Olivier Assayas,2004
1054845,34337258.0,10203000.0,,6.1,Kunihiko Yuyama,2005
1056696,7000000.0,18000000.0,1617636.0,6.2,Paul Schrader,1982
1059238,9129999.0,18000000.0,3121752.0,5.9,Ted Kotcheff,1988
1061565,26558.0,3500000.0,11888.0,6.7,Jeremy Thomas,1999
1062036,2136381.0,,48438.0,5.5,Paul Aaron,1987
1076211,10904930.0,40997769.0,2811355.0,6.6,Christopher Monger,1995
1076567,,6000000.0,,5.8,Jerry Jameson,1977
1087895,,350000.0,,6.8,Paul Bartel,1982
1093364,372.0,,,7.2,Alfred Hitchcock,1953
1094516,,,,6.7,Melvin Frank,1954
1095954,,1519000.0,,6.5,Clarence Brown,1939
1099178,25535432.0,,4416022.0,6.8,Frank Oz,1984
1108697,12421583.0,5000000.0,232184.0,7.4,John Sayles,1996
1111223,882290.0,10000000.0,471775.0,6.3,David Webb Peoples,1990
1113278,22611954.0,25000000.0,6014400.0,5.8,Ernest R. Dickerson,1996
1114086,,,,6.0,Steven Vidler,1997
1118809,239606210.0,14000000.0,24462976.0,5.7,John Cornell,1988
1122412,93.0,,,5.9,Dusan Makavejev,1985
1126777,9469695.0,11000000.0,3708918.0,6.5,Clive Barker,1990
1128175,11665465.0,80000000.0,917398.0,4.2,Peter Hyams,2005
1129009,2025014.0,900000.0,543728.0,7.2,Stuart Gordon,1985
1131832,33274029.0,12000000.0,5010109.0,7.8,Brian Henson,1992
1136182,31181347.0,18000000.0,4625583.0,7.3,Agnieszka Holland,1993
1138104,119208989.0,50000000.0,12426169.0,5.5,John Landis,1994
1138831,2545459.0,,,7.2,David Byrne,1986
1141596,609939.0,111000.0,,7.0,John McNaughton,1991
1142326,,7000000.0,,5.6,Ray Kellogg,1968
1152328,,2000000.0,,5.5,Jimmy T. Murakami,1980
1160412,189015611.0,63000000.0,13034238.0,5.8,Peter MacDonald,1988
1164551,943625.0,3500000.0,80372.0,6.4,Brett Sullivan,2004
1166548,92442.0,,,6.7,Harmony Korine,2000
1179213,46236000.0,9000000.0,,6.7,James Fargo,1976
1179229,67642693.0,22000000.0,9688561.0,6.6,Clint Eastwood,1983
1179306,2319124.0,24000000.0,165450.0,6.5,Clint Eastwood,1990
1180124,,82000.0,,5.1,Gene Fowler Jr.,1957
1189767,5175215.0,5000000.0,39936.0,6.8,John Crowley,2004
1189804,221303188.0,20000000.0,11718981.0,6.9,Alan J. Pakula,1990
1190626,,,,6.6,George Waggner,1951
1198597,,5000000.0,,7.1,John Guillermin,1966
1203778,,1805000.0,,7.0,Jean Negulesco,1953
1204655,18301610.0,,6424617.0,4.7,Bob Spiers,1997
1217079,34700291.0,14400000.0,32181.0,7.8,Roland Joffé,1985
1222408,2315683.0,17000000.0,729885.0,3.3,Jim Goddard,1986
1226289,40443010.0,65000000.0,9413684.0,5.1,Chuck Russell,2000
1230920,16400658.0,14000000.0,,6.6,Martin Scorsese,1977
1232088,21589395.0,18000000.0,3309985.0,6.2,Jonathan Kaplan,1987
1232216,1417.0,2524315.0,,7.0,George Sidney,1946
1235054,10000000.0,,,7.0,Barry Shear,1973
1245870,60822.0,8000000.0,31370.0,2.8,Adam Bernstein,1994
1250208,59927618.0,32000000.0,12812047.0,5.2,John Pasquin,1997
1251285,7305816.0,700000.0,13399.0,7.5,Pedro Almodóvar,1988
1252685,3783003.0,30000000.0,1451000.0,5.3,Barry Levinson,1994
1259297,206128.0,14000000.0,8855.0,6.8,Martha Fiennes,1999
1261294,,,,6.4,Hal Walker,1952
1271405,727639.0,3000000.0,,5.9,Paul Bartel,1985
1273396,15125687.0,45000000.0,4441356.0,5.5,Mike Mitchell,2004
1276889,,884000.0,,6.6,William A. Seiter,1938
1276943,10501958.0,8400000.0,5725.0,6.0,Stefan Ruzowitzky,2000
1285718,20603715.0,10000000.0,3240695.0,6.7,Robert Mandel,1986
1290721,12145169.0,,2257627.0,6.3,Joseph Ruben,1984
1291727,20050376.0,,6429364.0,5.5,Jeff Pollack,1997
1306698,,2250000.0,,6.1,Robert Rossen,1957
1308304,17180393.0,,250003.0,5.2,Aaron Norris,1993
1308799,1382462.0,,266975.0,4.8,Bob Logan,1990
1311098,21630088.0,15000000.0,3843067.0,5.7,Kenneth Johnson,1988
1312481,16209459.0,8500000.0,5438978.0,5.6,John Irvin,1986
1324852,,,2862025.0,6.6,Richard Franklin,1984
1329111,136200.0,2000000.0,,6.9,Woody Allen,1971
1330220,45681173.0,25000000.0,14145411.0,5.8,Irvin Kershner,1990
1330774,11494812.0,5500000.0,,7.4,Michael Mann,1981
1331578,91196419.0,10000000.0,24113565.0,5.5,Geoffrey Sax,2005
1333447,148919.0,,2489.0,6.3,Robert M. Young,1995
1338461,1455096.0,12000000.0,13720.0,7.2,Alan Parker,1984
1342884,20080020.0,25530000.0,4209525.0,5.3,Alan Shapiro,1996
1343327,,3950000.0,,7.8,Fred Niblo,1927
1343517,3664858.0,,46133.0,6.5,John Duigan,2004
1345561,,,,6.6,John Cromwell,1938
1352995,5048.0,,,7.6,Nicholas Ray,1954
1353277,,5037000.0,,7.0,Nicholas Ray,1961
1357152,26325256.0,10500000.0,5831302.0,5.9,Randall Miller,1995
1358857,12443192.0,1585000.0,,7.2,Richard C. Sarafian,1971
1363646,2015882.0,,408980.0,6.7,Hal Needham,1986
1364070,,3705000.0,,7.2,Billy Wilder,1966
1364174,18437.0,,,6.9,Joseph L. Mankiewicz,1954
1364293,,,,6.0,Garson Kanin,1940
1365411,,1200000.0,,7.0,Henry Koster,1954
1367497,2847941.0,7000000.0,215157.0,7.6,Sidney Lumet,1988
1367501,21486757.0,10000000.0,3231056.0,6.2,Jonathan Demme,1988
1367554,13351357.0,43000000.0,4514027.0,5.9,Billy Crystal,1992
1369060,13253715.0,1500000.0,767854.0,4.7,Mark L. Lester,1979
1370478,13294422.0,12000000.0,4800258.0,6.0,Clive Barker,1995
1374740,15578237.0,9000000.0,3218347.0,6.2,Michael Apted,1981
1380313,23591472.0,,6207092.0,6.2,Herbert Ross,1990
1380383,8442162.0,,3010987.0,5.8,Bruce W. Smith,1992
1380903,14390329.0,16000000.0,5800000.0,5.6,Clare Kilner,2003
1382226,,,,6.7,Byron Haskin,1954
1386250,4916135.0,,2026278.0,5.1,Neal Israel,1993
1388289,46509.0,8000000.0,,7.0,Samuel Fuller,1982
1388850,17130087.0,12000000.0,2358846.0,6.8,John Schlesinger,1985
1397142,9524420.0,,,7.7,John Huston,1948
1399682,1162001.0,500000.0,55946.0,6.6,Greg Harrison,2000
1400465,3910519.0,46000.0,51969.0,7.3,Siddiq Barmak,2003
1400747,14715067.0,18000000.0,3020071.0,6.9,Robert Mandel,1992
1405743,618847.0,7000000.0,,4.2,Richard Brooks,1985
1412382,1500000.0,6000000.0,,5.3,Peter Bogdanovich,1975
1416847,,,,6.6,William K. Howard,1933
1428048,75506530.0,40000000.0,10976661.0,7.6,Michael Mann,1992
1428955,2460977.0,650000.0,,6.8,Stephen Frears,1986
1430376,1516414.0,,12856.0,7.4,Mike Leigh,1991
1436343,6484246.0,,2705425.0,5.5,Russell Mulcahy,1993
1438158,5675599.0,20000000.0,2350021.0,3.7,Hal Needham,1982
1438595,8805548.0,10000000.0,2837978.0,6.8,Brian De Palma,1984
1438861,18564088.0,16000000.0,3322416.0,7.0,Josef Rusnak,1999
1443103,,,,7.3,Richard Brooks,1966
1444040,6742168.0,15500000.0,319793.0,6.4,Arne Glimcher,1992
1456011,1159691.0,,661049.0,6.5,David Mickey Evans,2007
1458713,31206251.0,,2968990.0,7.1,Jim Henson,1981
1458752,34327391.0,,7906689.0,6.9,Brian Henson,1996
1462414,1953732.0,15000000.0,25428.0,5.4,Michael Chapman,1986
1464962,6486797.0,6500000.0,301129.0,5.8,Sam Peckinpah,1983
1466210,10697276.0,10000000.0,2399109.0,4.9,Piers Haggard,1980
1466817,4245870.0,7500000.0,656619.0,5.9,Paul Gross,2002
1468747,5186646.0,,1654835.0,6.4,John Frankenheimer,1986
1469880,6745362.0,2000000.0,43574.0,7.2,Chris Eyre,1998
1472852,62134225.0,14000000.0,5726495.0,6.2,Paul Mazursky,1986
1475902,,1140000.0,,6.6,John Hough,1974
1480608,13272113.0,7500000.0,3421827.0,6.1,Randall Miller,1992
1481638,9000000.0,10000000.0,,5.1,Stanley Donen,1980
1482557,5200986.0,46000000.0,2326112.0,2.9,Terence Young,1982
1482950,,,,6.4,Raoul Walsh,1955
1488066,7411.0,2000000.0,,7.5,Stanley Kubrick,1962
1495709,4389334.0,2000000.0,2234776.0,6.6,Neil Jordan,1985
1496793,532654.0,,56224.0,6.5,Mark Christopher,1997
1496798,208538.0,,28487.0,6.2,Gregory Cooke,2000
1499129,52858433.0,20000000.0,5805559.0,6.4,Frank Nissen,2005
1503652,,1000000.0,,6.6,Frank Tuttle,1933
1508868,19595031.0,7000000.0,5848700.0,6.4,Wes Craven,1988
1512830,23070663.0,,10123605.0,6.3,William Friedkin,1994
1514718,10229331.0,7000000.0,2875067.0,4.8,DJ Pooh,2001
1519886,318348.0,500000.0,,6.9,Brian De Palma,1973
1523484,1402962.0,25000000.0,550848.0,4.9,Andrew V. McLaglen,1984
1524536,119240351.0,130000000.0,18068372.0,6.1,Breck Eisner,2005
1526756,11605118.0,25000000.0,4209136.0,6.1,Tobe Hooper,1985
1529108,145071.0,800000.0,23318.0,6.4,Rod Lurie,2000
1530085,4330020.0,8000000.0,2129483.0,6.5,Hart Bochner,1994
1543888,,2500000.0,,7.1,Melville Shavelson,1968
1544670,18066.0,3000000.0,,7.0,Robert Aldrich,1954
1546725,9978256.0,,29214.0,6.4,Takashi Yamazaki,2002
1549716,16057930.0,25000000.0,5149200.0,5.8,Menahem Golan,1987
1551200,2807843.0,13000000.0,81636.0,7.0,Vincent Ward,1993
1553207,30112050.0,,7011225.0,6.3,Nick Castle,1995
1553297,17536256.0,12000000.0,6891609.0,5.4,Joseph Zito,1985
1553486,9708373.0,8000000.0,490318.0,7.0,Jeremy Kagan,1985
1556135,613.0,6000000.0,,6.6,Alfred Hitchcock,1966
1558226,6112613.0,30000000.0,3450145.0,4.8,John Nicolella,1997
1562284,127956187.0,20000000.0,5609875.0,6.3,Steve Miner,1992
1563060,11541758.0,,1601489.0,7.2,Allan Moyle,1990
1564113,6804.0,,,7.9,Fritz Lang,1953
1571083,,,,6.3,Alfred Hitchcock,1941
1573600,111.0,4490375.0,,6.8,Alfred Hitchcock,1976
1575809,13030057.0,3000000.0,543588.0,6.6,Keenen Ivory Wayans,1989
1577984,21142914.0,12000000.0,5811664.0,6.9,David Koepp,1999
1582683,494.0,1200000.0,,7.4,Alfred Hitchcock,1957
1586160,1656829.0,,37542.0,7.7,Shona Auerbach,2005
1591858,4334.0,1470000.0,,6.6,William A. Wellman,1954
1591865,,2000000.0,,6.9,Edward Dmytryk,1954
1591874,,1383000.0,,7.4,Robert Wise,1954
1591883,,,,5.6,Charles Walters,1953
1591891,,,,7.4,Mitchell Leisen,1951
1591973,,2235000.0,,7.5,Robert Aldrich,1965
1591985,,15000000.0,,6.5,George Roy Hill,1966
1594408,9615840.0,8000000.0,3301135.0,3.7,Shuki Levy,1997
1595142,115121981.0,20000000.0,11889631.0,5.8,Robin Budd,2002
1595532,10000000.0,4000000.0,,6.2,Floyd Mutrux,1980
1596524,42724017.0,15000000.0,8100840.0,6.8,Clint Eastwood,1986
1602075,358574.0,28000000.0,52755.0,5.3,Hugh Hudson,1985
1607895,104882445.0,20000000.0,269225.0,7.7,Stephen Chow,2005
1610563,8094616.0,3500000.0,,7.5,Boaz Yakin,1994
1617266,2636637.0,13000000.0,628000.0,7.0,Sidney Lumet,2006
1623500,16093651.0,8000000.0,4957052.0,4.4,Thomas J. Wright,1989
1625624,18707466.0,24000000.0,4093079.0,6.8,Michael Cimino,1985
1626986,50505289.0,,9077324.0,7.6,Robert Townsend,1987
1635059,10631333.0,15000000.0,114095.0,7.7,Woody Allen,1985
1637006,,1278000.0,,6.2,Gabriel Pascal,1946
1637470,3369628.0,5000000.0,635789.0,6.9,Kathryn Bigelow,1988
1637570,91666.0,7000000.0,50437.0,6.7,Kevin Reynolds,1985
1638112,2300000.0,1800000.0,,8.1,Billy Wilder,1951
1640125,11715321.0,8000000.0,,6.7,Robert Zemeckis,1980
1646067,18566010.0,9000000.0,3115097.0,6.9,Randal Kleiser,1986
1646113,7505037.0,3000000.0,,6.7,Steven Spielberg,1974
1658116,32324557.0,,3279650.0,5.9,Garry Marshall,1986
1660909,24670346.0,,6392155.0,5.2,Simon Wincer,1995
1661980,2678414.0,7000000.0,244919.0,6.5,James Foley,1990
1662573,388998.0,20000000.0,175336.0,6.1,David Anspaugh,2005
1665678,17573594.0,,7100000.0,6.0,Gary Hardwick,2003
1665725,9566593.0,6000000.0,,5.6,Michael Schultz,1981
1672187,,,,6.8,Robert Aldrich,1956
1673325,3954044.0,,2050000.0,5.5,Dwight H. Little,1989
1675523,44350926.0,36000000.0,11200000.0,6.0,F. Gary Gray,2003
1676282,11534477.0,50000000.0,4946332.0,4.4,Andrew Sipes,1995
1679183,25105517.0,,4478919.0,6.9,Paul Michael Glaser,1992
1681132,60864870.0,30000000.0,16096808.0,6.1,Eddie Murphy,1989
1681255,1557771.0,,609041.0,6.3,Anthony Drazan,1992
1682418,183611771.0,85000000.0,19883351.0,4.8,Kevin Lima,2000
1691989,17985893.0,1000000.0,,6.5,Joe Dante,1981
1695109,44926706.0,18000000.0,6912637.0,6.4,John Schlesinger,1990
1699911,2083193.0,,,6.8,Johnnie To,2003
1700544,23646952.0,14000000.0,3344942.0,4.7,John Herzfeld,1983
1701236,20378470.0,18000000.0,,4.2,Michael Schultz,1978
1705391,1797195.0,,36463.0,7.7,Mike Leigh,1994
1707516,43005351.0,8000000.0,5306354.0,7.6,Don Siegel,1979
1716343,1846059.0,700000.0,82530.0,7.1,Michael Cuesta,2002
1717500,912082.0,,371898.0,5.3,Harold Ramis,1995
1724301,71079915.0,13000000.0,12211042.0,6.2,Roger Spottiswoode,1989
1732917,26414658.0,5500000.0,,6.4,Clint Eastwood,1977
1745419,718490.0,,19497.0,6.7,Noah Baumbach,1995
1756460,2568425.0,,1206415.0,7.7,Peter Horton,1995
1758342,,,,5.8,Anthony Mann,1956
1766226,2807854.0,11000000.0,1277428.0,5.2,William A. Graham,1991
1767215,,600000.0,,7.3,Mark Robson,1949
1769134,,,,5.4,Tim Burstall,1982
1769515,22773535.0,29000000.0,4768177.0,6.7,Garry Marshall,1991
1792785,14760451.0,22000000.0,6358761.0,4.7,David Green,1990
1797028,1318578.0,42000000.0,4985.0,7.4,Patrice Chéreau,1994
1800351,5822041.0,100000000.0,,7.5,Jean-Paul Rappeneau,1990
1801280,64783827.0,,947197.0,6.6,Stan Dragoti,1983
1809672,994.0,,,7.3,Anthony Mann,1954
1811116,56500758.0,10000000.0,9122714.0,6.1,Daniel Stern,1993
1822446,8165984.0,13000000.0,2517263.0,4.2,Daisy von Scherler Mayer,1998
1825320,21061339.0,9000000.0,39200.0,8.0,Giuseppe Tornatore,1998
1827624,42160849.0,20000000.0,477539.0,6.7,Taylor Hackford,1985
1828138,31347154.0,6000000.0,5522250.0,6.4,Wes Craven,1991
1840870,107198790.0,35000000.0,15195941.0,6.3,Philip Kaufman,1993
1843039,,3920000.0,,6.0,Tom Gries,1969
1844737,,4500000.0,,6.3,John Huston,1958
1848371,52864741.0,,6404783.0,6.2,Arthur Hiller,1987
1851374,16928556.0,,5203275.0,6.7,Jon Avnet,1994
1858682,265.0,,,6.9,Howard Hawks,1952
1861161,17589705.0,35000000.0,5959447.0,5.0,Stephan Elliott,2000
1863523,,1109000.0,,7.3,Bretaigne Windust,1951
1872336,12282994.0,18000000.0,2886082.0,5.6,Sidney Lumet,1992
1875611,,,,7.3,Joseph L. Mankiewicz,1951
1880039,,,,7.5,Mark Robson,1956
1881015,15716828.0,22000000.0,3123267.0,5.3,Michael Ritchie,1980
1881878,8175346.0,33000000.0,2781601.0,6.3,John Badham,1995
1893079,,1201000.0,,5.9,Richard Brooks,1953
1896864,6740470.0,17000000.0,328804.0,5.9,Adrian Lyne,1986
1906889,14815317.0,,4001024.0,6.3,Andrew Fleming,1994
1913775,11657385.0,18000000.0,2603286.0,6.0,Don Bluth,1992
1925048,3601974.0,7000000.0,66806.0,7.4,Liev Schreiber,2005
1925631,,360000.0,,5.6,Roger Corman,1966
1925869,8757.0,2195000.0,,6.6,Otto Preminger,1954
1934127,10426506.0,238000.0,167815.0,6.6,Edward Burns,1995
1936491,,,,5.1,Ralph Thomas,1957
1952159,9593903.0,10000000.0,124011.0,7.2,David Mamet,1998
1954737,,427000.0,,5.8,Philip Moeller,1935
1954790,,574000.0,,6.5,Mark Sandrich,1936
1960065,6878433.0,,97060.0,6.4,Mike Barker,2005
1961644,3000000.0,,,6.0,Peter Hyams,1979
1965350,4968000.0,,,5.8,Randal Kleiser,1982
1968680,16478265.0,14400000.0,7053016.0,5.4,Lamont Johnson,1983
1971256,,641000.0,,6.2,George Cukor,1936
1974729,36565280.0,6500000.0,,3.5,John Derek,1981
1975939,,2388000.0,,7.5,William Wyler,1955
1995966,12862000.0,,,6.1,Lloyd Bacon,1929
1996624,25682090.0,,5012332.0,6.2,Norman Jewison,1991
1996645,3574256.0,34000000.0,1151749.0,5.7,Luis Puenzo,1989
1997332,8437.0,,,6.4,Laurence Olivier,1957
1997397,1496.0,11000000.0,,7.1,John Milius,1978
1999677,10626725.0,17000000.0,3037911.0,6.3,Michael Wadleigh,1981
2001301,,,,6.4,Frank Tashlin,1966
2008260,8419052.0,103000000.0,16284.0,7.2,Costa-Gavras,2002
2010489,21411158.0,1500000.0,,6.4,Fred Walton,1979
2018791,,,,6.8,Frank Tashlin,1956
2019849,,100000.0,,5.9,Russ Meyer,1976
2022395,61801971.0,12500000.0,,6.4,Sydney Pollack,1979
2032436,43995918.0,,,6.7,Jay Sandrich,1980
2045037,1305964.0,825000.0,300103.0,5.2,Rich Christiano,2016
2046787,8033397.0,13000000.0,2768003.0,5.6,Gene Wilder,1986
2053385,1097333.0,8000000.0,367091.0,5.2,Martin Davidson,1989
2053414,591165.0,2000000.0,,7.1,Don McKellar,1998
2056500,38500726.0,,5227757.0,6.5,Peter Hyams,1986
2058218,3099497.0,,1466884.0,6.6,Matthew Robbins,1985
2058829,5194491.0,,588869.0,6.1,Robert Mulligan,1988
2064125,1175579.0,4000000.0,15810.0,6.5,Rod Hardy,2007
2066293,12000000.0,,,7.5,George Cukor,1951
2069002,20256975.0,7000000.0,5424783.0,5.6,Craig R. Baxley,1988
2071077,21045763.0,9700000.0,3408904.0,6.8,John Carpenter,1983
2074089,251495.0,30000000.0,140703.0,5.1,Paul Schrader,2005
2080825,,,,6.7,John Hough,1973
2083607,15543710.0,,3085705.0,5.4,Tommy Chong,1983
2091940,9689816.0,,2442229.0,5.4,Terry Hughes,1991
2093510,28907090.0,15000000.0,5704860.0,6.5,Howard Zieff,1989
2093587,13806137.0,50000000.0,5833412.0,6.1,Barbet Schroeder,1998
2097287,34725000.0,5000000.0,8310244.0,6.6,Richard Franklin,1983
2097338,14481606.0,,3238400.0,5.5,Anthony Perkins,1986
2099075,,627000.0,,5.3,John Cromwell,1935
2100492,45500797.0,40000000.0,8494271.0,6.0,John McTiernan,1992
2102508,7470348.0,,221141.0,6.1,Adrian Lyne,1980
2106930,15054636.0,,,6.3,Jean-Jacques Annaud,1996
2116383,57400547.0,30000000.0,7029120.0,5.6,Jean-Claude Van Damme,1996
2122517,50008143.0,20000000.0,9526010.0,6.7,Alfonso Arau,1995
2129381,18782400.0,14500000.0,4152015.0,6.6,Peter Yates,1987
2135286,6488114.0,,2910116.0,6.2,Franco Amurri,1990
2136164,27820000.0,,4422179.0,5.3,Steve Miner,1986
2137591,9183673.0,800000.0,,7.1,Rex Ingram,1921
2142721,22754725.0,44000000.0,8411178.0,5.7,Brian Gibson,1996
2144775,5957.0,,,7.3,Anthony Mann,1955
2150351,,2727000.0,,6.4,Howard Morris,1968
2150615,78656813.0,25000000.0,20030473.0,6.0,Michael Pressman,1991
2154881,14200000.0,9000000.0,,6.4,Clint Eastwood,1975
2159438,14842388.0,6000000.0,3287846.0,7.2,Kasi Lemmons,1997
2159835,6326051.0,,1650078.0,6.0,Alan Metter,1985
2163703,12214338.0,30000000.0,3898293.0,5.5,Arlene Sanford,1998
2164722,3256082.0,2700000.0,63356.0,6.7,Luis Valdez,1982
2165430,,,,6.8,Norman Foster,1955
2165639,5194.0,,,7.2,Anthony Mann,1952
2165760,,,,7.1,Anthony Mann,1954
2173342,5050000.0,2500000.0,,7.0,Don Siegel,1970
2175063,5728953.0,1500000.0,2381285.0,5.9,Richard Stanley,1990
2175661,,424000.0,,7.2,George Cukor,1933
2180950,7177431.0,,204461.0,6.5,Nick Castle,1986
2191058,659810.0,50000000.0,24792.0,7.0,Jean-Marie Poiré,1996
2193494,4611784.0,,93722.0,7.0,Mark Herman,1998
2194169,42273609.0,21000000.0,12419597.0,4.8,Stuart Gillard,1993
2195842,27058304.0,20000000.0,7065213.0,6.2,Hugh Wilson,1994
2198135,23472449.0,,1032942.0,6.3,Philip Kaufman,1990
2199665,6739141.0,8000000.0,4040711.0,5.9,Stuart Gordon,1993
2200771,3530.0,,,6.6,Josef von Sternberg,1952
2200993,17514553.0,,4839790.0,5.9,John G. Avildsen,1988
2202963,44065653.0,15000000.0,10513925.0,5.9,Kevin Hooks,1992
2203406,2983784.0,7500000.0,548231.0,5.9,Tommy Lee Wallace,1989
2212695,,400000.0,,6.2,Bud Townsend,1976
2220694,1339.0,20000000.0,,4.3,Nancy Walker,1980
2229321,,,,6.5,Anthony Mann,1953
2229439,,,,7.1,Henry Koster,1951
2229575,,1111000.0,,6.9,Richard Thorpe,1952
2232503,,4800000.0,,7.1,George Sherman,1971
2236141,,,,6.8,Frank Tashlin,1952
2236330,10375893.0,,3295722.0,5.2,Michael Pressman,1983
2237779,25029569.0,9000000.0,6143372.0,5.4,John R. Cherry III,1990
2238387,21435321.0,28000000.0,5459726.0,4.0,Bob Clark,1984
2240278,,,,6.5,Lloyd Bacon,1951
2241866,10963824.0,8000000.0,,3.2,Jane Wagner,1978
2244939,8674093.0,,2205628.0,6.7,Glenn Gordon Caron,1988
2245072,30379.0,8000000.0,,6.4,Clive A. Smith,1987
2245886,122417389.0,38000000.0,6062922.0,6.5,Gore Verbinski,1997
2251194,,,,6.9,Joseph Anthony,1956
2254896,,6000000.0,,6.1,Robert Wise,1956
2255603,7983086.0,,2528133.0,5.4,Ken Annakin,1982
2255810,,,,6.7,John Cromwell,1951
2259030,72.0,652675.0,,6.9,W.S. Van Dyke,1932
2259649,671382.0,1100000.0,,6.0,William Lustig,1988
2262072,,6000000.0,,7.1,Billy Wilder,1957
2265148,8539181.0,,1246772.0,6.9,Thom Eberhardt,1988
2267088,14717854.0,,,5.8,Michael Anderson,1977
2268241,,,,7.0,Vincente Minnelli,1954
2269393,2113387.0,3500000.0,34039.0,7.7,Jim Jarmusch,1991
2276238,6670680.0,6000000.0,,5.7,Joseph Sargent,1983
2290453,12806614.0,,5016852.0,6.1,Brian Koppelman,2002
2294895,6118683.0,13500000.0,516014.0,6.4,Tony Richardson,1982
2295321,2971661.0,,43650.0,6.9,David Mamet,1991
2298338,4569882.0,800000.0,,7.4,Todd Solondz,1996
2301585,19745922.0,53000000.0,5784123.0,4.8,Christopher Cain,1997
2304640,16371596.0,,92622.0,7.2,Albert Brooks,1991
2305746,127392693.0,8000000.0,137492.0,7.5,Luc Jacquet,2005
2305786,7467504.0,,2346864.0,6.6,Steven Kampmann,1988
2313186,19140.0,,11647.0,5.4,Jim Van Bebber,2004
2328364,21930418.0,2200000.0,8032883.0,4.8,Danny Steinmann,1985
2331371,54830779.0,20000000.0,7251854.0,6.3,Michael Caton-Jones,1991
2332290,30229.0,,13086.0,6.7,Robert Meyer Burnett,1999
2337131,5430822.0,7000000.0,2250000.0,6.0,Tony Maylam,1992
2342514,2766976.0,1700000.0,90022.0,6.7,Pawel Pawlikowski,2005
2345044,10190.0,2500000.0,,7.4,Alfred Hitchcock,1956
2351932,14343976.0,5000000.0,6251310.0,4.5,Rob Hedden,1989
2355009,13802599.0,15600000.0,5474270.0,4.7,Jesse Vaughan,2002
2356721,3393807.0,9000000.0,1937934.0,5.4,Ken Finkleman,1986
2357737,23727301.0,12500000.0,16512.0,7.0,Cédric Klapisch,2005
2361036,,2732000.0,,6.5,Clarence Brown,1937
2371682,70687344.0,15000000.0,8024663.0,6.1,Buddy Van Horn,1980
2372989,3531971.0,18000000.0,36505.0,5.9,Norman Jewison,1989
2375811,15935068.0,3000000.0,7552190.0,4.1,Adam Marcus,1993
2378208,12633747.0,6500000.0,63303.0,7.1,Joe Carnahan,2003
2378500,2181474.0,9000000.0,27116.0,7.1,Clint Eastwood,1988
2380254,375261.0,3000000.0,56240.0,6.5,Stefan Schwartz,1998
2382573,12097.0,900.0,,5.2,Stefan Avalos,1998
2386766,10090429.0,,3150924.0,5.0,Prince,1986
2394082,20259961.0,10000000.0,4279264.0,5.5,Joel Schumacher,1981
2396120,13485145.0,33000000.0,4025000.0,5.5,Les Mayfield,2005
2396574,8894289.0,13200000.0,842985.0,5.6,John G. Avildsen,1980
2406759,23743145.0,50000000.0,5647160.0,6.3,Jeannot Szwarc,1985
2410609,,1433000.0,,5.8,Wesley Ruggles,1931
2411131,16247964.0,,3184311.0,5.9,Emilio Estevez,1990
2411357,10080808.0,,,7.5,Kim Jee-woon,2005
2417326,13015688.0,14000000.0,,4.5,David Lowell Rich,1979
2420828,661946.0,1000000.0,28451.0,6.4,Sally Potter,2005
2421409,10600497.0,8000000.0,953794.0,7.4,Woody Allen,1984
2421437,9077269.0,,2514478.0,6.6,Woody Allen,1982
2421463,21458229.0,10000000.0,4565342.0,6.2,Jeff Kanew,1986
2421498,486434.0,10000000.0,85731.0,6.5,Woody Allen,1987
2421509,1562749.0,10000000.0,75196.0,7.2,Woody Allen,1988
2430261,10292300.0,38000000.0,3908514.0,6.6,Ridley Scott,1996
2430462,15339030.0,20000000.0,4588736.0,6.1,Martin Campbell,1994
2435211,774469.0,,,6.9,Allan Moyle,2000
2435668,54744738.0,94000000.0,12174504.0,4.6,Renny Harlin,2001
2439288,2420917.0,20000000.0,1150531.0,6.2,John Milius,1989
2439340,10627754.0,,3469488.0,5.7,Neal Israel,1985
2441439,1547397.0,,558908.0,5.0,Zalman King,1988
2450545,33296457.0,30000000.0,6147294.0,5.1,Bruce Hunt,2005
2452691,20166.0,1000000.0,,3.2,David DeFalco,2005
2457278,13717039.0,20000000.0,4604819.0,6.6,Jon Amiel,1997
2465292,824597.0,17000000.0,,5.1,Martyn Burke,2004
2466810,16897768.0,,823548.0,4.9,Robert J. Rosenthal,1982
2473161,156188.0,8000000.0,82186.0,5.7,Rick Rosenthal,1988
2474297,20471382.0,5000000.0,5571675.0,5.5,Graham Baker,1981
2477211,,1500000.0,,5.5,Donald G. Jackson,1988
2485659,7241350.0,17000000.0,36890.0,6.7,Lili Fini Zanuck,1992
2488691,9661031.0,18070000.0,,5.4,Jean-Paul Salomé,2004
2490751,5125180.0,,,6.8,Victor Fleming,1941
2493307,5086909.0,12000000.0,1854431.0,4.6,Rachel Talalay,1993
2497347,14796236.0,1500000.0,,5.3,Paul Lynch,1980
2501824,2694234.0,,1458837.0,5.4,Michael Ritchie,1994
2502451,7221558.0,,41820.0,6.3,Guy Ritchie,2005
2503050,,950000.0,,5.2,Henri Safran,1983
2513630,10166459.0,500000.0,3179811.0,5.0,Albert Pyun,1989
2520368,396897.0,,41215.0,6.8,Léa Pool,2001
2522220,9748233.0,5000000.0,2492618.0,7.0,Jack Sholder,1987
2528686,,462000.0,,6.6,Thornton Freeland,1933
2532751,,1750000.0,,6.1,Henry Hathaway,1957
2533907,437568.0,,92000.0,5.6,Peter Greenaway,1999
2539874,20807.0,3800000.0,3520.0,6.7,Sam Peckinpah,1965
2540024,829140.0,,403164.0,3.0,Gary Preisler,2004
2541685,2502551.0,8000000.0,11562.0,7.0,John Dahl,1993
2541757,9871065.0,,2996891.0,5.4,Ken Kwapis,1996
2546429,32982894.0,2600000.0,11183148.0,6.0,Joseph Zito,1984
2548068,27165581.0,200000000.0,5034180.0,7.0,Prachya Pinkaew,2006
2550963,3344431.0,16000000.0,1330520.0,4.3,Steve Boyum,2005
2560949,,1850000.0,,7.1,Robert Siodmak,1952
2572864,,,,6.9,Roy Ward Baker,1952
2580873,5418502.0,,,7.1,Fernando Trueba,1994
2581365,1223155.0,,48000.0,5.6,Mel Smith,2003
2590780,11146270.0,30000000.0,4016220.0,6.2,Barry Sonnenfeld,1993
2592742,,1035000.0,,6.8,George Stevens,1937
2592990,10851261.0,16000000.0,2260689.0,5.4,Alan J. Pakula,1981
2600572,71609321.0,,13774642.0,5.5,Emile Ardolino,1990
2605689,1723319.0,2700000.0,138313.0,6.8,Neal Jimenez,1992
2609817,5765562.0,2000000.0,2692087.0,5.0,Jeff Burr,1990
2610020,104257.0,2200000.0,,7.1,Justin Kerrigan,2000
2614503,15787492.0,1300000000.0,,6.4,Takashi Miike,2005
2617441,,6000000.0,,7.4,Mark Rydell,1972
2619545,,,,7.3,Anthony Mann,1957
2636543,27503037.0,19000000.0,540148.0,6.3,Gary David Goldberg,1989
2636682,214015089.0,55000000.0,10068126.0,6.2,Barry Levinson,1994
2637077,82264675.0,18000000.0,9725885.0,6.0,Joel Schumacher,1991
2638184,40150487.0,,6112577.0,6.4,Jim Abrahams,1988
2646948,32586408.0,1000000.0,4551000.0,5.8,Jeff Wadlow,2005
2649257,4030820.0,,,7.4,Robert Z. Leonard,1940
2649791,21011318.0,17080000.0,5240859.0,5.6,Paul Michael Glaser,1994
2657861,1553020.0,,53666.0,5.9,Michelangelo Antonioni,2004
2664350,5410972.0,,2515268.0,3.8,Ken Wiederhorn,1984
2673183,14358033.0,40000000.0,4601954.0,6.0,John Carpenter,1992
2673320,40991329.0,,67546.0,6.8,Lawrence Kasdan,1992
2679044,,882653.0,,7.1,Max Ophüls,1949
2682100,24760338.0,,4026775.0,6.7,Mel Gibson,1993
2682902,22812411.0,2550000.0,6101460.0,5.4,Joseph Zito,1984
2688210,305070.0,20000000.0,,6.4,Kevin Reynolds,1994
2688769,21413105.0,20000000.0,3853149.0,6.9,Simon Wincer,1990
2694167,6669097.0,15000000.0,,6.1,Stanley Tong,2005
2696597,,2515000.0,,6.2,Edward Dmytryk,1955
2706104,6171763.0,,,4.5,Neal Israel,1979
2718285,5563663.0,,1835421.0,4.2,John G. Avildsen,1983
2721832,6202756.0,20000000.0,43036.0,5.8,Irwin Winkler,1992
2724049,25349388.0,9000000.0,3159811.0,5.9,Gene Wilder,1984
2726812,51401.0,,,5.6,Gary Sinyor,2006
2729561,,,,6.4,André De Toth,1952
2731003,30862156.0,9500000.0,7146973.0,6.6,Victor Salva,1995
2731033,,1000000.0,,6.8,John Sturges,1951
2731103,11884.0,,,6.9,George Cukor,1952
2742724,20421130.0,,149224.0,7.0,Charles Dance,2005
2742915,185898.0,600000.0,28235.0,3.4,Kim Henkel,1995
2752058,45497.0,,5377.0,6.6,Richard Day,2004
2755048,,1590920.0,,6.7,Stanley Donen,1951
2757780,5254422.0,7350000.0,10351.0,6.3,Anne Fontaine,2004
2761428,2993772.0,,805511.0,6.3,Andrew V. McLaglen,1980
2769128,27610873.0,10000000.0,1921838.0,6.7,Danny Cannon,2006
2780022,14681192.0,,5150962.0,4.7,Bud Yorkin,1988
2797150,29392418.0,10000000.0,7970574.0,5.9,Keenen Ivory Wayans,1994
2812718,1236518.0,,75104.0,7.4,Alice Wu,2005
2812852,12782749.0,10000000.0,3908725.0,7.3,Theodore Witcher,1997
2813558,16446271.0,17000000.0,5144090.0,4.8,Robert Harmon,2002
2814516,,2563000.0,,6.1,Charles Walters,1952
2817162,1109388.0,,566045.0,7.6,Michael Curtiz,1954
2820120,5107669.0,19000000.0,2228668.0,4.1,Norberto Barba,1996
2821645,5820015.0,23000000.0,2102831.0,6.3,Martin Ritt,1990
2821933,5902.0,750000.0,,7.5,George Pal,1960
2821964,20000000.0,7000000.0,,6.2,Irvin Kershner,1978
2832604,,,,6.9,Henry Hathaway,1951
2841422,19674852.0,9000000.0,2460262.0,6.1,Blake Edwards,1989
2853134,,,,6.6,Mani Ratnam,1985
2856978,1106475.0,15000000.0,530893.0,5.9,John Boorman,1990
2871613,96773200.0,25000000.0,6645455.0,6.1,Lewis Teague,1985
2880294,1001437.0,800000.0,25297.0,6.9,Victor Nunez,1993
2885062,64236.0,5400000.0,,6.0,Tony Giglio,2005
2887314,23371905.0,13500000.0,2105729.0,6.3,John Irvin,1981
2899225,12844057.0,,4261304.0,6.1,Donald Petrie,1996
2906058,12951088.0,30000000.0,4809375.0,5.5,Kevin Hooks,1998
2918524,8622973.0,7000000.0,2414984.0,6.5,David Greenwalt,1985
2918727,9888167.0,,3002997.0,6.4,George Armitage,1990
2918858,46201432.0,18000000.0,11752917.0,3.7,Rupert Wainwright,2005
2920309,,,,6.0,Christopher Monger,1994
2920744,,,,7.3,Garson Kanin,1940
2925896,10171304.0,10100000.0,3093281.0,5.2,Marshall Brickman,1983
2932389,16176732.0,35000000.0,2272489.0,5.7,Jean-Marie Poiré,2001
2933910,11060485.0,,2622637.0,4.5,Zalman King,1990
2935497,,500000.0,,3.3,Lyndon Chubbuck,1996
2941852,23509382.0,3500000.0,6171957.0,5.5,John R. Cherry III,1987
2949735,,1081000.0,,7.1,Clarence Brown,1951
2951841,22660758.0,15000000.0,4507425.0,6.8,Michael Apted,1992
2965435,8880705.0,8000000.0,2358988.0,6.3,Matty Rich,1994
2967406,6957975.0,5000000.0,2029496.0,6.4,Zelda Barron,1989
2973523,5228617.0,100000.0,95667.0,6.9,Robert Townsend,1987
2976044,,1000000.0,,6.6,Jean Delannoy,1957
2978844,456127.0,,320000.0,4.8,James Glickenhaus,1991
2979644,5323109.0,20000000.0,46271.0,6.4,Gillian Armstrong,2002
2982138,5976023.0,,,6.4,Mark Joffe,2001
2983487,31070211.0,30000000.0,9064880.0,4.4,Kurt Wimmer,2006
2987486,524895.0,,,7.2,Jocelyn Moorhouse,1992
2991187,18898806.0,7500000.0,4125556.0,6.8,Tony Bill,1993
2992408,2202840.0,,,7.1,Johnnie To,2005
2997355,37939757.0,20000000.0,8112822.0,6.4,Andrew Bergman,1994
2997971,57588485.0,20000000.0,12604705.0,6.0,Charles Stone III,2002
3007634,,1000000.0,,6.9,John Milius,1973
3009486,11302884.0,,4035960.0,5.8,Marvin J. Chomsky,1984
3017440,1316865.0,15000000.0,835570.0,6.1,Mel Smith,1994
3031886,1758689.0,2000000.0,29419.0,7.6,Paul Greengrass,2002
3032135,12267790.0,,3105618.0,6.2,Andrew Scheinman,1994
3033155,4711220.0,10000000.0,1172942.0,4.0,John Guillermin,1986
3036635,6552255.0,30000000.0,3024709.0,5.1,Jeff Pollack,1999
3037303,,,,6.7,Jean Negulesco,1955
3051466,,,,6.8,Patrick Sheane Duncan,1989
3056404,19751736.0,20000000.0,7045379.0,4.7,Wes Craven,1995
3058252,,700000.0,,6.2,Ralph Bakshi,1972
3059075,918239.0,,504057.0,6.9,Dennis Dugan,1992
3076353,,,,7.8,Cheran,2004
3077660,4454295.0,14000000.0,1392852.0,5.5,Jean-Claude Tramont,1981
3082021,20324096.0,,5119031.0,6.0,Peter Hyams,1988
3084955,43622150.0,40000000.0,11516375.0,5.6,Paul Weiland,1994
3093681,,5000000.0,,6.2,William A. Wellman,1951
3096492,187488.0,5000000.0,13910.0,5.6,J.P. Schaefer,2007
3096943,3242342.0,,151722.0,6.8,Christopher Hampton,1995
3105804,,,,6.9,Michael Gordon,1951
3105893,5507396.0,3600000.0,44537.0,7.4,Jean-Pierre Dardenne,2005
3107308,3600616.0,8000000.0,1817278.0,4.8,Paul Miller,1997
3112996,10363364.0,,2221402.0,6.8,Nicolas Roeg,1990
3123751,48143579.0,,9156545.0,6.3,Richard Tuggle,1984
3127557,,5500000.0,,6.3,Brian De Palma,1978
3130501,22391450.0,13000000.0,7720942.0,6.1,Mark Brown,2001
3135187,,10000000.0,,8.1,Moustapha Akkad,1977
3148833,10000000.0,3200000.0,4025657.0,5.6,Howard Storm,1985
3150125,13027857.0,6000000.0,391942.0,6.9,Michael Crichton,1979
3151934,,2834000.0,,6.1,David Miller,1957
3152882,5546827.0,18000000.0,1803059.0,5.8,Tom Mankiewicz,1991
3153784,321.0,600000.0,,5.9,Joe Dante,1978
3154773,32051917.0,20000000.0,5170522.0,6.6,Jon Amiel,1995
3156200,11000000.0,1600000.0,,7.0,Ted Post,1968
3162951,13431806.0,,3433952.0,6.4,Savage Steve Holland,1986
3170435,,,,5.5,Norman Tokar,1970
3175656,7532911.0,,101707.0,6.7,Louis Malle,1993
3178137,716612.0,26000000.0,389249.0,6.5,Francis Ford Coppola,1982
3182015,4488529.0,15000000.0,1590155.0,6.4,Joel Schumacher,1999
3188479,4619014.0,13000000.0,1854490.0,5.5,John Payson,1996
3189853,,3000000.0,,6.2,Henry Hathaway,1950
3192886,26306533.0,15000000.0,10007291.0,5.8,Kevin Bray,2002
3193295,523025.0,2000000.0,30533.0,6.0,Bart Freundlich,1997
3213906,,2500000.0,,4.0,Larry Cohen,1989
3216798,1657729.0,750000.0,215300.0,3.1,Jeff Broadstreet,2006
3225410,4086108.0,,,6.8,Young-hoon Park,2002
3226241,10223896.0,,4448491.0,3.0,Ron Underwood,2005
3227969,249011.0,65000000.0,,6.7,Raúl Ruiz,1999
3230282,7565807.0,8600000.0,3035688.0,5.7,Jay Chandrasekhar,2004
3235385,1223200.0,5000000.0,1223220.0,3.1,Peter Sasdy,1983
3237559,51764406.0,16000000.0,19150000.0,5.8,Jonathan Liebesman,2006
3245477,21560182.0,30000000.0,69868.0,7.0,Michael Radford,2005
3246234,,826000.0,,5.2,Edward Ludwig,1952
3255424,,,,6.3,Robert Z. Leonard,1950
3257956,2104439.0,13000000.0,967956.0,5.7,Paul Mazursky,1996
3261900,9230.0,,,7.1,Lee Han,2002
3262031,6342668.0,3000000.0,1924776.0,6.0,Kevin Connor,1980
3274071,947306.0,17500000.0,65532.0,6.7,Alan Parker,1991
3282957,42800000.0,6000000.0,,5.6,Howard Zieff,1979
3283236,10676194.0,2500000.0,3473635.0,4.1,Luigi Cozzi,1983
3292569,10959475.0,40000000.0,2233525.0,4.4,Christian Duguay,2002
3293089,807947.0,5000000.0,421302.0,4.9,Steve Carver,1987
3296177,30657854.0,75000000.0,6013640.0,5.0,John Bruno,1999
3300191,9011574.0,22000000.0,3151629.0,6.0,Roger Donaldson,1992
3300211,30303072.0,50000000.0,9378637.0,6.3,Richard Donner,1995
3303413,32730062.0,8600000.0,5856872.0,6.5,Joby Harold,2007
3309192,5516936.0,11000000.0,1928076.0,5.5,Yurek Bogayevicz,1993
3316533,14114488.0,10500000.0,4344308.0,4.7,Gary Sherman,1988
3319694,23369283.0,20000000.0,3222768.0,6.1,Richard Pearce,1992
3325355,7408745.0,19000000.0,2571043.0,5.5,Paul Flaherty,1994
3329130,,,,6.8,George Sidney,1956
3336243,3685862.0,6000000.0,1506975.0,7.1,Phil Joanou,1987
3344455,,226000.0,,7.0,George Nicholls Jr.,1934
3346585,316.0,3500000.0,,7.9,Richard Brooks,1967
3356623,824295.0,,43131.0,7.0,Atom Egoyan,1999
3361465,6713.0,1600000.0,,6.8,Jacques Tourneur,1950
3367826,53162.0,1800000.0,,7.9,Elia Kazan,1951
3374650,,,,7.6,Delmer Daves,1957
3377893,11829959.0,23000000.0,2914992.0,5.7,Fraser C. Heston,1996
3380602,2865916.0,17000000.0,1537965.0,5.3,Maurice Phillips,1991
3383848,1640220.0,18000000.0,800469.0,5.7,Billy Weber,1993
3388805,2877571.0,8000000.0,1088273.0,6.1,Peter Werner,1987
3389897,9563393.0,3000000.0,3825068.0,5.4,Paul Mazursky,1991
3394318,4546244.0,5000000.0,1847950.0,4.9,Terry Leonard,1987
3394852,7555000.0,4500000.0,2845836.0,5.9,Gary Sherman,1987
3396134,,1470000.0,,6.9,Richard Thorpe,1950
3408831,11336986.0,,4024800.0,5.8,Bryan Gordon,1991
3418109,5552441.0,,2568963.0,5.8,Marc Rocco,1989
3422774,14515490.0,20000000.0,6309583.0,5.4,Marco Brambilla,1997
3427588,12947763.0,5000000.0,3373779.0,6.1,Fred Walton,1986
3434688,15315484.0,8000000.0,5679046.0,5.8,Tom Holland,1996
3435387,4304286.0,5000000.0,2192621.0,5.3,Michael Tuchner,1983
3450570,4349352.0,5019770.0,,7.5,George Cukor,1954
3450583,80000115.0,6000000.0,,6.1,Frank Pierson,1976
3453263,,,,6.0,Blake Edwards,1960
3454713,6045647.0,6500000.0,1803432.0,6.6,Richard Benjamin,1984
3454830,275000.0,7716000.0,94261.0,5.3,Charles Jarrott,1986
3471023,4903131.0,,20560.0,5.7,Debbie Isitt,2006
3471403,159.0,225000.0,,6.9,Wesley Ruggles,1933
3486717,8095931.0,4000000.0,3245556.0,6.1,William Friedkin,2007
3488543,14796494.0,20000000.0,5180414.0,5.5,Sidney J. Furie,1992
3493076,,13000000.0,,6.6,Joshua Logan,1967
3497579,,2325420.0,,7.0,Charles Walters,1949
3503363,,,,6.5,Stanley Donen,1960
3509990,36611610.0,18000000.0,7170830.0,6.3,Ron Howard,1986
3518352,,,,7.2,Irving Reis,1947
3520031,13825794.0,22000000.0,47271.0,6.8,Robert Redford,1988
3528982,4102526.0,13000000.0,1920215.0,5.9,Mel Brooks,1991
3553915,1039824.0,11000000.0,491206.0,5.7,Ramón Menéndez,1993
3565365,,11000000.0,,6.8,Martin Ritt,1970
3567688,,,,6.2,Martin Ritt,1973
3569329,31387164.0,30000000.0,8041972.0,5.2,Steve Rash,1996
3569608,,1748000.0,,7.2,John Ford,1955
3578336,261966.0,1600000.0,70664.0,6.5,Steven Soderbergh,2006
3584311,65090.0,6500000.0,5065.0,7.1,Hans Petter Moland,2000
3585054,94.0,1685000.0,,7.4,Michael Curtiz,1955
3592111,10815378.0,,4022782.0,6.1,Alan Metter,1988
3593624,129778.0,,129778.0,3.2,David Odell,1990
3597492,919286.0,9000000.0,614327.0,5.5,John Mackenzie,1992
3598844,,225000.0,,7.1,John Farrow,1939
3600424,27201487.0,16000000.0,84580.0,7.3,David Lean,1985
3600737,,589000.0,,6.7,John Sturges,1953
3601835,4786789.0,,1444886.0,6.9,Martin Davidson,1983
3602324,26890068.0,8000000.0,,6.9,Karel Reisz,1981
3608326,436365.0,,27712.0,4.6,David Hillenbrand,2004
3610519,,,,5.2,Lewis D. Collins,1935
3626936,,967000.0,,6.8,William A. Wellman,1953
3647125,143.0,3000000.0,,6.3,William Dieterle,1954
3648503,16116878.0,9000000.0,5319116.0,5.8,Michael Winner,1985
3649048,4236.0,2121000.0,,6.8,Richard Brooks,1956
3659082,2604414.0,,,6.8,Peter Ho-Sun Chan,2005
3670013,,2500000.0,,5.6,Gordon Douglas,1965
3671998,37170057.0,12000000.0,6203835.0,6.1,Brian De Palma,1992
3673758,,,,6.6,James Neilson,1957
3681867,17496992.0,26000000.0,7681171.0,5.8,Justin Lin,2006
3684509,12373145.0,24000000.0,,5.8,Chris Nahon,2005
3717069,27441977.0,23000000.0,5026846.0,6.9,Michael Caton-Jones,1990
3718428,4224065.0,4000000.0,2158780.0,4.3,Vic Sarin,2001
3727473,519596.0,,258812.0,5.8,Élie Chouraqui,1987
3732839,11390479.0,20000000.0,3619666.0,6.3,Bruce Robinson,1992
3732862,218626.0,,59098.0,6.6,Tim Sullivan,1996
3745331,12534961.0,5000000.0,3208009.0,5.5,Anthony Hickox,1992
3745404,9336886.0,4000000.0,4505036.0,5.1,Kevin Yagher,1996
3747178,,3500000.0,,6.9,Henry Hathaway,1960
3756444,14270938.0,,,6.6,Kim Dae-seung,2005
3761238,12640385.0,8300000.0,2919657.0,6.4,Curtis Hanson,1987
3767190,40070995.0,,9473317.0,5.3,James Orr,1995
3769756,5519569.0,29000000.0,2204590.0,6.4,Carroll Ballard,1992
3771410,,,,5.6,Jack Arnold,1955
3782980,29612137.0,14000000.0,6380000.0,5.0,Courtney Solomon,2006
3790446,,,,7.2,Vittorio De Sica,1964
3792817,,,,6.3,Nicholas Ray,1951
3809621,5000509.0,,,7.6,Pantelis Voulgaris,2004
3821533,104130.0,,17089.0,5.9,Austin Chick,2003
3823023,9870727.0,,,6.5,Bill Persky,1980
3823100,624643.0,,15493.0,7.5,William Wyler,1939
3826817,783501.0,30000000.0,,3.2,Uwe Boll,2008
3834305,718.0,2100000.0,,7.1,Billy Wilder,1957
3840504,24874.0,6000000.0,,6.7,King Vidor,1956
3851528,,2500000.0,,6.8,Francis D. Lyon,1956
3859182,,4450000.0,,6.5,Andrew V. McLaglen,1968
3869472,,1003000.0,,7.0,Alex Segal,1956
3879782,27816.0,7000000.0,14872.0,6.1,Mike Barker,1999
3880325,,941000.0,,6.5,Vincente Minnelli,1951
3892325,16653900.0,,278199.0,6.7,Colin Davies,2000
3904788,307486.0,,9581.0,6.7,Matthew Parkhill,2003
3905283,,,,5.5,Terence Young,1956
3912186,95304.0,50000.0,11147.0,6.2,Jean-Luc Godard,1967
3917900,5549200.0,25000000.0,,5.6,Bruce Beresford,2007
3947300,,1180280.0,,5.8,Frank Lloyd,1933
3949733,12051924.0,3000000.0,6516000.0,7.2,Michel Gondry,2006
3979884,23465471.0,8300000.0,,5.7,Serdar Akar,2006
3981967,,1253000.0,,7.0,Mark Sandrich,1938
3985480,12918858.0,19000000.0,4222810.0,4.7,James Bridges,1985
4003996,33500000.0,3200000.0,,6.0,Jeremy Kagan,1977
4012556,14143280.0,9600000.0,4453132.0,5.8,John R. Cherry III,1991
4018958,6191746.0,11000000.0,70460.0,6.7,Agnieszka Holland,2007
4021666,2570550.0,13000000.0,1802688.0,5.1,John Whitesell,1993
4028549,65793.0,,34785.0,6.4,Roger Michell,1999
4032619,3446539.0,,992651.0,4.7,Sam Pillsbury,1997
4038581,12303904.0,14000000.0,2198069.0,5.7,Richard Pearce,1986
4041420,6662.0,991000.0,,7.4,Mark Sandrich,1937
4041425,6836201.0,8000000.0,1544624.0,6.6,Stuart Rosenberg,1984
4046725,22189039.0,15000000.0,8203255.0,5.7,Robert Harmon,1993
4052442,4594452.0,16000000.0,2031678.0,5.7,Blake Edwards,1988
4055312,11000863.0,22000000.0,3656390.0,5.7,Rod Daniel,1991
4069403,1277404.0,,171603.0,6.3,Michael Tolkin,1991
4071544,21353303.0,,9452000.0,5.8,Vondie Curtis-Hall,2006
4082935,,1000000.0,,5.8,Rowdy Herrington,1988
4091681,12308521.0,15000000.0,4152296.0,5.1,Harold Ramis,1986
4103051,,,,5.1,K.S. Ravikumar,2006
4106181,10319915.0,30000000.0,5516231.0,4.9,Hark Tsui,1998
4120837,,,72844.0,6.2,Terry Jones,1997
4131838,,1785000.0,,6.4,Edward Dmytryk,1955
4143564,,,,7.0,Clarence Brown,1944
4148551,4686937.0,,2184901.0,5.6,Kelly Makin,1995
4152250,4865912.0,8700000.0,2235720.0,6.1,Paul Michael Glaser,1986
4154028,349618.0,9000000.0,260410.0,6.1,Dario Argento,1991
4158013,17100266.0,,5524055.0,5.5,Jeremiah S. Chechik,1996
4158539,11299730.0,,4533392.0,5.3,Ted Demme,1993
4162938,24271196.0,6000000.0,7094552.0,6.2,Sheldon Lettich,1991
4163034,14502483.0,25000000.0,5612707.0,5.6,Ringo Lam,1996
4175289,206272.0,250000.0,13472.0,6.9,Bill Plympton,1998
4179081,22518097.0,24000000.0,4893112.0,5.8,Thom Eberhardt,1992
4179770,4557214.0,,1429306.0,6.0,Carl Schenkel,1989
4179778,4134992.0,10000000.0,2149786.0,5.5,James D. Parriott,1990
4179782,21756163.0,,4831181.0,6.2,Russell Mulcahy,1991
4180684,7369373.0,2000000.0,95435.0,5.7,Kevin Tenney,1987
4186478,4875436.0,250000.0,748824.0,5.0,Armand Mastroianni,1980
4186631,8645411.0,16000000.0,3139015.0,5.7,Stan Dragoti,1985
4186781,19875740.0,,5184360.0,5.5,Nicholas Meyer,1985
4191751,14009368.0,,4206656.0,5.3,Lionel C. Martin,1997
4193180,13687144.0,,3023248.0,6.6,Geoff Burrowes,1988
4195529,12096881.0,22000000.0,4038033.0,6.4,Peter Yates,1995
4198757,,25000000.0,,5.4,Stuart Gordon,1997
